{"cameraMode":{"drawMode":0,"name":"Shaded","section":"Shading Mode"},"sceneLighting":true,"audioPlay":false,"sceneViewState":{"m_AlwaysRefresh":false,"showFog":true,"showSkybox":true,"showFlares":true,"showImageEffects":true,"showParticleSystems":true,"showVisualEffectGraphs":true,"m_FxEnabled":true},"in2DMode":false,"pivot":{"x":-0.46178674697875979,"y":-4.276724815368652,"z":5.861784934997559},"rotation":{"x":-0.19406498968601228,"y":0.004999865312129259,"z":-0.0009911516681313515,"w":-0.9809594750404358},"size":5.6992669105529789,"orthographic":false}